count(author),author,subreddit
543,gst,programming
367,None,programming
181,mr_chromatic,perl
177,javinpaul,programming
176,mithaldu,programming
148,henk53,programming
109,sidcool1234,programming
107,mttd,cpp
101,gthank,programming
78,based2,programming
78,szabgab,perl
71,mariuz,programming
70,magenta_placenta,javascript
68,Andrey_Karpov_N,java
62,chorny,perl
61,retardo,ruby
53,berium,cpp
49,ger_phpmagazin,programming
44,tpk1024,programming
42,jalbertbowden,javascript
42,lingua_franca,cpp
40,milliams,programming
38,grauenwolf,programming
38,petdance,programming
36,homoiconic,programming
36,xivSolutions,programming
34,cmeerw,java
32,rya11111,javascript
32,chrisarchitect,javascript
32,tompa_coder,programming
32,cosmotriton,programming
31,Masfo,cpp
30,swizec,programming
29,meetingcpp,programming
29,raiph,perl
29,willvarfar,programming
28,just_lest,ruby
27,KerrickLong,programming
27,emegeve,programming
26,AlSweigart,programming
25,ivom2gi,java
24,stesch,programming
24,RohitS5,programming
24,ircmaxell,PHP
24,placidified,programming
24,throughactions,programming
24,9jack9,javascript
24,rexxar,programming
24,jackhammer2022,programming
23,kimmel_,programming
22,FooBarWidget,programming
22,jtreminio,PHP
22,brunov,perl
22,davemo,javascript
22,thesystemx,programming
21,rockvilleJD,java
20,zcom8,javascript
20,nohtyp,programming
20,the-fritz,programming
19,Perceptes,javascript
18,callumacrae,javascript
18,whitefangs,programming
18,kraih,perl
18,hongminhee,programming
18,stanislav-stoyanov,programming
18,mebrahim,programming
18,hm2k,webdev
17,pkrumins,programming
17,roger_,programming
17,legacye,javascript
17,bebraw,javascript
17,OvidPerl,programming
17,cruise02,programming
17,perler2,perl
17,alex-mayorga,java
16,BioGeek,programming
16,strangeloops,programming
16,dgryski,programming
16,polaretto,java
16,fijal,Python
16,expertvoice,Python
15,philsturgeon,PHP
15,JRepin,programming
15,kingkilr,programming
15,IbeeX,Python
15,jezeq,programming
15,judofyr,ruby
15,wordsmithie,Python
14,devongovett,javascript
14,HornedKavu,programming
14,binarydreams,programming
14,nikic,programming
14,phaggocytosis,learnprogramming
14,claird,Python
14,gtani,java
14,jimdoescode,javascript
14,hyperforce,programming
14,takluyver,Python
14,mikaelhg,java
13,paran0ide,programming
13,monk_e_boy,PHP
13,tenderlove,ruby
13,Toxiktoe,perl
13,wichtounet,java
12,oseifrimpong,csharp
12,mhronline,webdev
12,earthboundkid,programming
12,JustGlowing,programming
12,frozenfire,programming
12,cetamega,programming
12,driscollis,Python
11,vladocar,javascript
11,sammy8306,programming
11,alexkorban,cpp
11,cwgem,ruby
11,coderhs,ruby
11,adam-_-,perl
11,eric_niebler,cpp
11,kulandai,java
11,eneveu,java
11,antjanus,PHP
11,llimllib,programming
11,monumentshorts,programming
11,yogthos,programming
11,yorickpeterse,ruby
11,cldwalker,ruby
11,perlgeek,programming
11,widyakumara,learnprogramming
11,halst,Python
11,tarekziade,Python
11,bondolo,java
10,rchaudhary,programming
10,tastur,PHP
10,nonrecursive,programming
10,larsga,programming
10,jrochkind,ruby
10,tomekk,programming
10,last_useful_man,cpp
10,Arador,perl
10,agentdero,java
10,digdan,PHP
10,albinofrenchy,programming
10,nothingtolookat,programming
10,rich97,PHP
10,scientologist2,programming
10,trpcicm,learnprogramming
10,fekberg,csharp
10,fthrkl,Python
10,PythonCentral,Python
9,larholm,programming
9,acangiano,ruby
9,funny_falcon,ruby
9,robgleeson,ruby
9,miyagawa,perl
9,mdipierro,Python
9,pjmlp,java
9,elijahmanor,javascript
9,daedius,javascript
9,redditthinks,programming
9,ffxpwns,PHP
9,bpedro,programming
9,scottjshea,programming
9,Xeoncross,PHP
9,drbrain,ruby
9,emboss_,ruby
9,schneems,ruby
9,poincare101,ruby
9,gbacon,programming
9,ysangkok,programming
9,Takachsin,learnprogramming
9,elasto,perl
9,Eventh,Python
9,samuraisam,Python
8,ContraContra,javascript
8,zzzwwwdev,javascript
8,joshuacc,javascript
8,Strilanc,programming
8,jeremymorgan,PHP
8,vinipsmaker,cpp
8,vitezg,ruby
8,matt_aimonetti,ruby
8,donv,ruby
8,doeswayneexist,learnprogramming
8,draxil,perl
8,hwilming,java
8,IsaGoksu,java
8,sridhr,Python
8,bkanber,javascript
8,jrpercussion,javascript
8,btford,javascript
8,Kriem,PHP
8,drgomesp,programming
8,mburst,programming
8,zaemis,PHP
8,wbond,PHP
8,joelthelion,programming
8,noelrap,programming
8,NotEltonJohn,programming
8,daschl,programming
8,hiii,PHP
8,bstamour,cpp
8,randx,ruby
8,avdi,ruby
8,3po,ruby
8,jesusangelm,ruby
8,GeekDNA,learnprogramming
8,berlinbrown,learnprogramming
8,jpswade,webdev
8,gutworth,Python
8,tosbourn,webdev
8,marcfasel,java
8,neomatrix369,java
7,rezoner,javascript
7,mcandre,java
7,jbroadway,PHP
7,dracony,PHP
7,Arve,programming
7,agumonkey,programming
7,greenrd,programming
7,symisc_devel,programming
7,aaron_osteraas,PHP
7,init0,javascript
7,alexeyr,programming
7,nullnullnull,programming
7,obviousoctopus,ruby
7,kbedell,programming
7,QbProg,cpp
7,rblackwe,perl
7,theirfReddit,perl
7,mcdonc,Python
7,mpdavis,Python
7,kracekumar,Python
7,OuterShpongolia,webdev
7,myusuf3,Python
7,martinig,Python
7,nadavso,Python
7,enkicoder,java
7,paoj,java
7,systematical,javascript
7,mshiltonj,javascript
7,tholman,javascript
7,iammerrick,javascript
7,joeyhoer,javascript
7,speckz,programming
7,hacker-programmer,programming
7,poulejapon,programming
7,lanzkron,programming
7,davertua,PHP
7,TSF_Aristona,PHP
7,ldiego08,programming
7,Colonel-Rosa,PHP
7,servercentric,programming
7,dhotson,programming
7,SRGoogleGuy,PHP
7,jbandela,cpp
7,sandal,ruby
7,xgamerx,ruby
7,wifelette,ruby
7,jstorimer,ruby
7,coffeesounds,programming
7,tzr,programming
7,Seele,programming
7,naasking,programming
7,machine_not_a_human,programming
7,CarlH,learnprogramming
7,bigpresh,perl
7,nabokovian,learnprogramming
7,theedeacon,learnprogramming
7,Liger86,learnprogramming
7,f0ad,Python
7,jmduke,Python
7,vsajip,Python
7,jnoller,Python
7,sigzero,Python
7,skeeto,Python
7,burke,Python
7,toomasr,java
7,sunqiang,Python
6,udelblue,javascript
6,int3_,javascript
6,hazems,javascript
6,jetienne,javascript
6,posabsolute,javascript
6,jeremyckahn,javascript
6,jscoder,javascript
6,boogiesbc,javascript
6,matematikaadit,programming
6,Reddish_Radish,PHP
6,harikt,PHP
6,mbrubeck,programming
6,gasche,programming
6,duggieawesome,programming
6,MY_POOP_HAS_HAIR,programming
6,unquietwiki,programming
6,strife25,programming
6,alecco,programming
6,mexitek,PHP
6,philipobenito,PHP
6,danneu,ruby
6,ferrisoxide,ruby
6,abc-xyz,ruby
6,zenspider,ruby
6,davebrk,programming
6,AlexeyBrin,programming
6,sztomi,programming
6,pfultz2,programming
6,huitseeker,programming
6,JonKalb,cpp
6,chankeypathak,perl
6,ta1901,perl
6,roguelynn,learnprogramming
6,tsjr,perl
6,NERDcurious,learnprogramming
6,prezjordan,learnprogramming
6,Not-original,webdev
6,josefonseca,Python
6,wwwtyro,Python
6,rhiever,Python
6,pjdelport,Python
6,yole,Python
6,kmike84,Python
6,perone,Python
6,aclark,Python
6,kapilkaisare,javascript
6,airportyh,javascript
6,codecall,java
6,TheNosferatu,javascript
6,Disgruntled__Goat,PHP
6,ubershmekel,programming
6,andralex,programming
6,cpiot,programming
6,yannisrizos,programming
6,piglet24,PHP
6,greut,programming
6,jedberg,programming
6,mycall,programming
6,charliesome,programming
6,makaroni4,ruby
6,nexe,ruby
6,ZMeson,cpp
6,slivu,PHP
6,AaronLasseigne,ruby
6,dunnowins,ruby
6,helpprogram2,learnprogramming
6,SpoobyPls,learnprogramming
6,blambeau,programming
6,sovietmudkipz,learnprogramming
6,joaquintides,cpp
6,bustyLaserCannon,learnprogramming
6,takadonet,perl
6,bwigfield,perl
6,tmt_game,Python
6,uvtc,Python
6,jabbalaci,Python
6,Ameridrone,java
6,vt97john,java
6,kr90df,java
6,detroitmatt,java
6,lastkarrde,Python
6,gkunene,java
6,fabiankessler,java
6,javatv,java
5,ugoagogo,javascript
5,realstevejobs,javascript
5,free_books_share,javascript
5,dangries,javascript
5,stonedoubt,javascript
5,mnapoli,javascript
5,spellboots,javascript
5,bdemeer,javascript
5,lrichardson,javascript
5,TheBeastAtTanagra,javascript
5,hsfrey,javascript
5,Pawka,PHP
5,lornajane,PHP
5,igorw,PHP
5,gnuvince,programming
5,munificent,programming
5,LawnGnome,PHP
5,zem,programming
5,baileylo,PHP
5,olbrich,PHP
5,mobby1982,programming
5,rondale_sc,javascript
5,IrishLadd,PHP
5,mpeters,programming
5,brianatlarge,PHP
5,inchworm,javascript
5,wildbunny,programming
5,Drkpwn,programming
5,dahlma,PHP
5,jakubgarfield,programming
5,lonebeta,PHP
5,rogue_coder,PHP
5,gurgeous,ruby
5,knwang,ruby
5,bcardarella,ruby
5,criskiev,ruby
5,jpignata,ruby
5,aesulapiuuss,programming
5,dinov,programming
5,ixAp0c,learnprogramming
5,ayman_f,programming
5,drurly,programming
5,obfuscate,learnprogramming
5,davorg,perl
5,nerdmeister,perl
5,kthakore,perl
5,philiph,perl
5,darkrai9292,learnprogramming
5,fruiapps,Python
5,colwilson,Python
5,threading,Python
5,jbsurv,webdev
5,jakiestfu,webdev
5,r1chardj0n3s,Python
5,CapnGoat,webdev
5,mrhodesit,webdev
5,omginternets,Python
5,blebo,Python
5,coleifer,Python
5,sontek,Python
5,tshikatshikaaa,java
5,paul88m,java
5,lukaseder,java
5,rntr200,java
5,tvon,Python
5,PedroMCunha,java
5,adamzx3,javascript
5,ozanonline,javascript
5,maloney7,javascript
5,loktar00,javascript
5,jakesgordon,javascript
5,skeww,javascript
5,twolfson,javascript
5,progfu,javascript
5,budzoreu,javascript
5,Buckwheat469,javascript
5,Benvie,javascript
5,hdskjahdkjsa,PHP
5,chrisledet,programming
5,whysayso,PHP
5,SoBoredAtWork,PHP
5,confused_by_php,PHP
5,reostra,programming
5,a_redditor,programming
5,linucs,programming
5,nlake44,programming
5,cheeeeeese,PHP
5,gonzalo123,PHP
5,craigc123,programming
5,geon,programming
5,nrogers64,PHP
5,renaebair,programming
5,postmodern,ruby
5,SplinterOfChaos,cpp
5,greyblake,ruby
5,average_drifter,cpp
5,thesp0nge,ruby
5,jrobertfox,PHP
5,banister,ruby
5,murphee_,ruby
5,somehacker,ruby
5,wis3_guy,ruby
5,Paradox,ruby
5,TurnToDust,learnprogramming
5,leonard_snart,learnprogramming
5,o0h,programming
5,Wolfspaw,programming
5,kristopolous,programming
5,neondei,programming
5,rlemon,programming
5,canweriotnow,programming
5,Capri-Sonne,learnprogramming
5,LeszekSwirski,cpp
5,axilmar,cpp
5,berekuk,perl
5,skreak,perl
5,actualeyes,perl
5,JW989,learnprogramming
5,triad_entrue,perl
5,JustJewIt73,learnprogramming
5,schettino72,Python
5,SnirD,Python
5,Kettyr,learnprogramming
5,ExoticMandibles,Python
5,i_ate_god,Python
5,spilcm,Python
5,hdeshev,Python
5,rsgm123,java
5,novasharp,java
5,andreggy,java
5,leftoverbagels,Python
5,mite-mitreski,java
4,budalicious,javascript
4,Okaram,java
4,meltingice,javascript
4,chrixian,javascript
4,Gefrierbrand,javascript
4,shawnjan,javascript
4,odyssey14,javascript
4,mm23,javascript
4,hellomika,javascript
4,thanpolas,javascript
4,taoist_wa,javascript
4,markov_twain,javascript
4,GoldFire33,javascript
4,phatbyte,javascript
4,Trebbok,javascript
4,srini237,java
4,sumit_sharma864,java
4,lookingforsome1,PHP
4,woof404,programming
4,simpleuser,programming
4,_SynthesizerPatel_,PHP
4,Categoria,programming
4,damg,programming
4,zabzonk,programming
4,okpmem,programming
4,alecdo,programming
4,durdn,programming
4,madjar,programming
4,lethalman,programming
4,rd4,programming
4,FlySwat,programming
4,xangelo,PHP
4,user24,javascript
4,omg-a-bear,programming
4,steloflute,programming
4,neon_overload,javascript
4,eegreg,javascript
4,craig081785,programming
4,davidshepherd,programming
4,jvc_coder,PHP
4,sircmpwn,programming
4,CanadianCoder,PHP
4,clarle,programming
4,lanasa,javascript
4,namanyayg,javascript
4,RandomPerson99,PHP
4,MadRabbit,programming
4,damian2000,programming
4,adatta02,PHP
4,jestinjoy,programming
4,brucedawson,programming
4,dinosaur_porkchop,PHP
4,krainboltgreene,ruby
4,teohm,ruby
4,Digitus_Impudicus,cpp
4,kuszi,ruby
4,protein_bricks_4_all,cpp
4,danielnh,cpp
4,sutambe,cpp
4,txustice,ruby
4,sirisaac87,ruby
4,gazay,ruby
4,dan-pazam,ruby
4,ihid,ruby
4,aaronp,ruby
4,adamzwakk,PHP
4,abyx,ruby
4,crseat,learnprogramming
4,VilleHopfield,programming
4,clownballs,learnprogramming
4,JoeCool888,learnprogramming
4,TrepidaciousFatGuy,learnprogramming
4,monkeymeat,programming
4,keytarmageddon,programming
4,angelbob,programming
4,gregolsen,programming
4,Xdes,programming
4,gwvent,learnprogramming
4,matthewhughes,learnprogramming
4,thefireball,learnprogramming
4,kdmkdmkdm,learnprogramming
4,chtulhuf,csharp
4,gimms,webdev
4,ArashPartow,cpp
4,TheCherno,learnprogramming
4,Foamypop,cpp
4,harbud3,perl
4,shparki,cpp
4,secret_town,cpp
4,great-pumpkin,cpp
4,TERRORDAKTYLE,learnprogramming
4,Art_of_Creation,learnprogramming
4,peck3277,learnprogramming
4,abw,perl
4,benzilla04,csharp
4,brrose,csharp
4,felixchi81,learnprogramming
4,pinpinbo,Python
4,ky3,Python
4,number5,Python
4,gangesmaster,Python
4,neutraltone,webdev
4,Alascar,learnprogramming
4,skuvnar,webdev
4,akira_fmx,webdev
4,jknupp,Python
4,exhuma,Python
4,paradoxxx_zero,Python
4,robhawkes,webdev
4,flexterra,Python
4,casualbon,Python
4,chewxy,Python
4,jvmhost,java
4,neutronbob,java
4,test156,Python
4,KevinHarris27,java
4,JavaCzyHerbata,java
4,Tanglesome,java
4,haakon,java
4,tobrien,java
4,johnnybigoode,java
4,mitsuhiko,Python
4,rescind,Python
4,AlyoshaV,java
4,jlearner,java
4,midir,java
4,Guiswa,javascript
4,qcom,javascript
4,prawnsalad,javascript
4,enotionz,javascript
4,JackS08,javascript
4,cwmma,javascript
4,wiresnips,javascript
4,hxcobd,javascript
4,psayre23,javascript
4,JL235,javascript
4,silv3r_m00n,javascript
4,mexicanseafood,javascript
4,the-ace,javascript
4,bishopZ,javascript
4,MeoMix,javascript
4,ciembor,javascript
4,Synes_Godt_Om,PHP
4,Epicus2011,PHP
4,morphotomy,PHP
4,pythonauts,programming
4,bjzaba,programming
4,theswader,PHP
4,swiftpants,PHP
4,phpworm,PHP
4,davidk01,programming
4,mepcotterell,programming
4,lacosaes0,programming
4,ozzyboy,programming
4,steelclash84,PHP
4,sebf,programming
4,itscoding,programming
4,Ventajou,javascript
4,mcantelon,programming
4,netghost,javascript
4,mosqua,PHP
4,yappie2,PHP
4,cycles,programming
4,lemonpole,PHP
4,s3ddd,ruby
4,colonpee,ruby
4,enroxorz,ruby
4,petercooper,ruby
4,J-_-L,ruby
4,mohawkjohn,ruby
4,VitoBotta,ruby
4,ZestyOne,ruby
4,raganwald,ruby
4,bascule,ruby
4,blowmage,ruby
4,dev_bacon,ruby
4,BonzoESC,ruby
4,laerien,ruby
4,picandocodigo,ruby
4,x75tiger75x,learnprogramming
4,honestbleeps,programming
4,shintoist,programming
4,ConorMaximus,learnprogramming
4,primaryobjects,programming
4,sunng,programming
4,mikehaggard,programming
4,yashke,programming
4,tkMunkman,learnprogramming
4,ManicQin,cpp
4,thevideoclown,learnprogramming
4,filipekberg,cpp
4,autarch,perl
4,stevieb_,perl
4,toruk,cpp
4,bigwax,learnprogramming
4,OffInBed,learnprogramming
4,zzyzzyxx,learnprogramming
4,stapuff6,perl
4,koolkalang,learnprogramming
4,bchia,learnprogramming
4,denis,Python
4,requiemderseele,Python
4,remotesynth,webdev
4,ComputerHelper,webdev
4,tommica,webdev
4,megaperlz,webdev
4,GovindReddy,Python
4,lucidguppy,Python
4,metl_lord,Python
4,DBBX,webdev
4,eiB4vaeg,webdev
4,JuiceJitero,webdev
4,variedthoughts,Python
4,kcunning,Python
4,prickneck,Python
4,tomt0m,Python
4,cassandravoiton,java
4,armerthor,java
4,davidreiss666,java
4,NeOnD,java
4,TheSkyNet,java
4,estherschindler,Python
4,kinow,java
4,freyrs3,Python
3,R1cket,javascript
3,foxbarrington,javascript
3,hexapode,javascript
3,insin,javascript
3,Yurishimo,javascript
3,Dested,javascript
3,x-skeww,javascript
3,isurfbecause,javascript
3,palmerj3,javascript
3,saturnflyer,javascript
3,mailto_devnull,javascript
3,badmouf,javascript
3,didnt_hurt,javascript
3,MatrixFrog,javascript
3,tsuru,javascript
3,jprichardson,javascript
3,jga23,javascript
3,arnold_palmur,javascript
3,delivi,javascript
3,PlNG,javascript
3,jsnk,java
3,HarryTorry,java
3,ezkaton999,java
3,joezimjsblog,javascript
3,xXSquishyXx,java
3,strixvarius,javascript
3,RobertWHurst,javascript
3,geeker87,programming
3,pedrobelo,programming
3,animesh1977,programming
3,sloria1,programming
3,silentnoise,PHP
3,lolhii,PHP
3,Mit_Taste_E,programming
3,elmuchoprez,PHP
3,OsoHormiguero,PHP
3,johnpolacek,programming
3,stoneobscurity,PHP
3,maca134,PHP
3,r00k,programming
3,demonshalo,PHP
3,shadow31,programming
3,rogwilco,PHP
3,marc-kd,programming
3,DrJulianBashir,programming
3,tref,PHP
3,qkdhfjdjdhd,programming
3,snobby_penguin,PHP
3,hwf829,PHP
3,_lowell,programming
3,prider,programming
3,utcursch,programming
3,CyberVillian,javascript
3,hchasestevens,programming
3,NotJustClarkKent,programming
3,Mobilpadde,javascript
3,meenie,PHP
3,unconscionable,javascript
3,darkray16,PHP
3,Associat0r,programming
3,releu,javascript
3,withremote,PHP
3,doterobcn,PHP
3,waawal,programming
3,boronine,programming
3,theFletch,PHP
3,dwolf555,PHP
3,SyntaxC4,PHP
3,juror-number-8,javascript
3,snoopy,programming
3,electronics-engineer,programming
3,Tordek,javascript
3,zzing,javascript
3,wesbos,programming
3,maniator,PHP
3,zarmin,PHP
3,kristovaher,programming
3,freedoodle,programming
3,shoghicp,PHP
3,juri,programming
3,bopp,PHP
3,RyanScottLewis,ruby
3,markolson,ruby
3,ctaborda,ruby
3,rmartinho,cpp
3,arunagarwal,ruby
3,dce,ruby
3,snatchery,ruby
3,railsware,ruby
3,oBeLx,ruby
3,xyzzy_b,PHP
3,taelor,ruby
3,uzimonkey,ruby
3,kamui,ruby
3,weppos,ruby
3,nathanielb,ruby
3,oneforreddit,ruby
3,jsn,ruby
3,_telemachus,ruby
3,youremyjuliet,ruby
3,knewter,ruby
3,33a,programming
3,DRMacIver,programming
3,giant_enemy_spycrab,learnprogramming
3,Hobby_Collector,learnprogramming
3,wadall,learnprogramming
3,ktr73,programming
3,BK_Whatever,learnprogramming
3,sawrubh,programming
3,ttsiodras,programming
3,dzamir,programming
3,EquipLordBritish,learnprogramming
3,Sora250,learnprogramming
3,Stretchy_Treats,learnprogramming
3,_not_you,programming
3,clarutte,programming
3,cabbagerat,programming
3,_nullptr_,programming
3,windupharlequin,programming
3,drillpress151,programming
3,brmichel,programming
3,hernamesbarbara,programming
3,__juju__,programming
3,dnavarro2,programming
3,funtanero,programming
3,jshine1337,learnprogramming
3,quizzer106,learnprogramming
3,cantprogram,learnprogramming
3,MillardFillmore,programming
3,_trevor_,learnprogramming
3,tudorconstantin,programming
3,collegeboy6,learnprogramming
3,evaninarkham,learnprogramming
3,purpleladydragons,learnprogramming
3,Zacharias3690,learnprogramming
3,thepoprock,csharp
3,ldieryckx,perl
3,for_nsfw,learnprogramming
3,mzemel,learnprogramming
3,almjz,learnprogramming
3,bergie,webdev
3,mattbig,learnprogramming
3,welluhthisisawkward,webdev
3,ElvisLikeBear,csharp
3,asuth,learnprogramming
3,TheAlphaNerd,learnprogramming
3,BrewerHimself,learnprogramming
3,Spideymv,cpp
3,Nekkoru,learnprogramming
3,thesircuddles,learnprogramming
3,ronnienoob,perl
3,porter707,learnprogramming
3,cavemonkey,perl
3,x3nu,perl
3,mikedoherty,perl
3,mstrat,perl
3,Let_Me_Be,cpp
3,leonardoty,learnprogramming
3,feartrich,learnprogramming
3,RalphMacchio,perl
3,spacez320,perl
3,Drag0nsl4y3r14,learnprogramming
3,billofalltrades,learnprogramming
3,bnikolictech,cpp
3,jh1997sa,learnprogramming
3,cactus4,perl
3,gnusosa,perl
3,hashbangperl,perl
3,TheDon11,cpp
3,Mutant321,perl
3,singingfish42,perl
3,amoore,perl
3,Andhurati,learnprogramming
3,dougrathbone,csharp
3,sebasmagri,Python
3,beaucronin,Python
3,samlev,webdev
3,victorlin,Python
3,Adys,Python
3,gfixler,Python
3,cr4d,Python
3,yudlejoza,Python
3,MKorostoff,webdev
3,Light_as_a_Feather,webdev
3,Chr0me,webdev
3,DrZealot,Python
3,Enginoob,Python
3,ramblerman,Python
3,iam_root,Python
3,phaedrusalt,Python
3,thibaultj,webdev
3,loki_racer,webdev
3,Odd_Bloke,Python
3,fnbtt,webdev
3,chrishutchinson,webdev
3,jwp,Python
3,freakingthefuckout12,Python
3,damontoo,learnprogramming
3,enkarta,learnprogramming
3,norwegianwood,Python
3,Poromenos,Python
3,ccrraapp,webdev
3,matael,Python
3,shaggorama,Python
3,OutThisLife,webdev
3,yaprog,Python
3,technomalogical,Python
3,sazzer,java
3,giridhaar,java
3,LyndonArmitage,java
3,faassen,Python
3,rebelrebel2013,java
3,spoonintheroad,java
3,herrtim,java
3,alexprengere,Python
3,playdoepete,java
3,snipersteve,java
3,cyraxjoe,Python
3,nataly_v,java
3,phpgeek,Python
3,reamsworks,Python
3,whoami4546,java
3,iamjack,Python
3,Puzzel,Python
3,Mercushio,java
3,redd1t4l1fe,java
3,gregthegeek1,java
3,nicks451,javascript
3,rmurphey,javascript
3,Gelus,javascript
3,cmsimike,javascript
3,cesutherland,javascript
3,victorpopescu,javascript
3,ChiperSoft,javascript
3,settimeout,javascript
3,gregstallings,javascript
3,derick_bailey,javascript
3,youngsteveo,javascript
3,gstoyanov,javascript
3,Wizuhd,javascript
3,cyberdouche,java
3,verdagon,javascript
3,tmcw,javascript
3,tylersavery,javascript
3,thisisafullsentence,javascript
3,illbzo1,java
3,orlybg,javascript
3,jblotus,javascript
3,-Mahn,PHP
3,ChrisF79,PHP
3,mjburgess,PHP
3,Pornhub_dev,PHP
3,xewot,PHP
3,jqueryin,PHP
3,dean_c,PHP
3,DreadPirateJay,PHP
3,yaserbuntu,programming
3,MMDeveloper,PHP
3,mistawobin,programming
3,visualq,PHP
3,mardix,PHP
3,jeanlucpikachu,programming
3,delroth,programming
3,philipbjorge,programming
3,pkonink,PHP
3,cacarotov,programming
3,Xenopax,programming
3,henrik_w,programming
3,gitarr,programming
3,lihaoyi,programming
3,chtef,programming
3,bonch,programming
3,kevjames3,programming
3,alecbenzer,programming
3,msvrtan,PHP
3,JonyEpsilon,programming
3,squeedlyspooch,programming
3,hoonose,programming
3,nebogeo,programming
3,CharlesStain,programming
3,diaboloney,PHP
3,bonzinip,programming
